id,first_name,last_name,email,gender,ip_address
1,Tami,Shepard,tshepard0@unc.edu,Female,84.239.250.58
2,Timmy,Youles,tyoules1@house.gov,Male,232.95.117.19
3,Berkie,O'Regan,boregan2@about.me,Male,34.244.57.51
4,Towney,Whittek,twhittek3@cnbc.com,Male,219.118.79.70
5,Dita,Caddell,dcaddell4@google.com,Female,54.110.106.239
6,Noelle,Geering,ngeering5@ezinearticles.com,Female,110.224.133.53
7,Marj,Kennington,mkennington6@dyndns.org,Female,239.195.244.185
8,Munroe,Twaits,mtwaits7@theguardian.com,Male,238.74.105.129
9,Brig,Croyser,bcroyser8@miitbeian.gov.cn,Male,216.174.202.79
10,Fernandina,Brahan,fbrahan9@prnewswire.com,Female,13.54.67.10
11,Mack,Nelle,mnellea@prnewswire.com,Male,173.209.73.37
12,Rolland,Hortop,rhortopb@bloglines.com,Male,235.25.195.80
13,Peirce,Dober,pdoberc@1und1.de,Male,217.191.19.120
14,Norton,Vanichev,nvanichevd@bravesites.com,Male,43.65.81.156
15,Liuka,Fetter,lfettere@hubpages.com,Female,247.93.110.92
16,Hayyim,Lodder,hlodderf@amazon.co.uk,Male,40.245.74.214
17,Vladimir,Quennell,vquennellg@google.nl,Male,200.158.59.91
18,Morse,Brackpool,mbrackpoolh@reverbnation.com,Male,42.77.50.246
19,Caryl,Speight,cspeighti@ehow.com,Male,124.182.48.104
20,Johnny,Muriel,jmurielj@rakuten.co.jp,Male,244.84.211.151
21,Josefina,Durie,jduriek@fc2.com,Female,126.225.220.242
22,Tanhya,Joslow,tjoslowl@chronoengine.com,Female,31.198.203.51
23,Carena,Thornewill,cthornewillm@drupal.org,Female,153.44.21.87
24,Yolanthe,Jahn,yjahnn@1und1.de,Female,29.39.208.139
25,Farleigh,Scherer,fscherero@ask.com,Male,243.41.40.118
26,Leland,Sisley,lsisleyp@godaddy.com,Female,35.71.60.150
27,Hildegaard,Tottie,htottieq@symantec.com,Female,240.35.196.112
28,Loleta,Boynton,lboyntonr@imdb.com,Female,22.38.165.173
29,Corry,Standon,cstandons@live.com,Female,126.18.36.58
30,Nick,Pashley,npashleyt@t-online.de,Male,4.252.41.126
31,Tuckie,Claige,tclaigeu@prnewswire.com,Male,139.89.203.238
32,Sunny,Leddy,sleddyv@discuz.net,Male,66.25.221.65
33,Jocko,Vasilchenko,jvasilchenkow@baidu.com,Male,136.99.94.84
34,Kelsey,Kenyon,kkenyonx@spiegel.de,Male,147.8.152.117
35,Cherianne,Ritch,critchy@foxnews.com,Female,166.165.180.228
36,Hamilton,Heintz,hheintzz@bigcartel.com,Male,99.136.31.46
37,Halie,Fitchett,hfitchett10@edublogs.org,Female,172.179.105.154
38,Alwin,Prowting,aprowting11@umich.edu,Male,225.255.32.202
39,Zaccaria,Boxhill,zboxhill12@cnn.com,Male,54.232.106.203
40,Norry,Nazer,nnazer13@angelfire.com,Male,139.250.46.252
41,Minnnie,Siemon,msiemon14@facebook.com,Female,205.217.88.46
42,Dotti,McArdle,dmcardle15@istockphoto.com,Female,251.37.7.21
43,Violet,Castiglioni,vcastiglioni16@hud.gov,Female,70.203.188.98
44,Evvy,Leadbeatter,eleadbeatter17@senate.gov,Female,201.175.142.186
45,Florentia,Ginnelly,fginnelly18@networkadvertising.org,Female,91.209.96.15
46,Casey,Aucock,caucock19@squarespace.com,Male,193.236.99.191
47,Katya,Darke,kdarke1a@yellowbook.com,Female,248.133.122.18
48,Jenica,Martineau,jmartineau1b@soup.io,Female,121.171.68.189
49,Raleigh,Pauli,rpauli1c@google.com.br,Male,178.144.12.93
50,Angie,Fairham,afairham1d@home.pl,Male,69.34.101.24
51,Bradley,Jouannisson,bjouannisson1e@simplemachines.org,Male,255.3.217.103
52,Tobiah,Volker,tvolker1f@ucoz.com,Male,48.74.109.115
53,Chev,Guilloneau,cguilloneau1g@imdb.com,Male,55.178.150.42
54,Robin,Weal,rweal1h@house.gov,Male,215.130.204.244
55,Ethelred,Pionter,epionter1i@ebay.com,Male,100.218.109.70
56,Pinchas,Hadigate,phadigate1j@illinois.edu,Male,114.255.248.86
57,Jaquenette,Sturley,jsturley1k@wisc.edu,Female,129.156.247.48
58,Krista,Godbehere,kgodbehere1l@themeforest.net,Female,72.25.71.52
59,Gerrie,Crossley,gcrossley1m@mysql.com,Male,222.33.163.129
60,Gasper,March,gmarch1n@state.tx.us,Male,131.18.188.175
61,Sinclair,McEllen,smcellen1o@blinklist.com,Male,11.174.45.79
62,Bron,Edmondson,bedmondson1p@51.la,Male,143.150.215.172
63,Mildrid,Manssuer,mmanssuer1q@scientificamerican.com,Female,29.184.178.155
64,Pippo,Ainsby,painsby1r@php.net,Male,19.177.164.54
65,Lorrie,Hourahan,lhourahan1s@tuttocitta.it,Male,26.238.148.129
66,Winnie,Kingcott,wkingcott1t@disqus.com,Female,189.212.194.48
67,Chane,Stolze,cstolze1u@acquirethisname.com,Male,171.50.139.33
68,Meghan,Hazael,mhazael1v@vimeo.com,Female,111.110.113.226
69,Sunny,Happert,shappert1w@spiegel.de,Male,126.63.9.119
70,Celinka,Ainslee,cainslee1x@icq.com,Female,212.155.168.145
71,Lorine,Songhurst,lsonghurst1y@github.com,Female,214.143.223.6
72,Pauly,Domleo,pdomleo1z@jimdo.com,Male,141.101.115.229
73,Ashlee,Luciani,aluciani20@ucla.edu,Female,134.3.133.136
74,Dian,Dibdale,ddibdale21@live.com,Female,7.163.100.38
75,Finlay,Extill,fextill22@yelp.com,Male,49.136.239.55
76,Orbadiah,Stigger,ostigger23@github.com,Male,168.106.255.43
77,Melamie,Yeomans,myeomans24@cloudflare.com,Female,216.153.162.177
78,Kelsi,Chene,kchene25@freewebs.com,Female,3.80.238.75
79,Terrel,Scrigmour,tscrigmour26@mail.ru,Male,251.189.36.79
80,Alaric,Van den Velden,avandenvelden27@umich.edu,Male,201.248.206.93
81,Raimondo,Coverlyn,rcoverlyn28@phpbb.com,Male,17.56.8.16
82,Inglebert,Eglington,ieglington29@twitter.com,Male,8.155.164.84
83,Roddy,Clerk,rclerk2a@imgur.com,Male,149.110.215.7
84,Shanda,Stoyell,sstoyell2b@dropbox.com,Female,180.250.160.77
85,Isidor,Addionisio,iaddionisio2c@netlog.com,Male,6.123.158.191
86,Danya,Szymon,dszymon2d@delicious.com,Female,225.122.223.180
87,Vernen,Hoogendorp,vhoogendorp2e@yahoo.com,Male,87.235.83.223
88,Felice,Ivanovic,fivanovic2f@woothemes.com,Female,118.205.137.37
89,Oralie,Almeida,oalmeida2g@dyndns.org,Female,167.94.247.68
90,Gonzales,Finnemore,gfinnemore2h@g.co,Male,42.171.4.197
91,Pavlov,Boake,pboake2i@skyrock.com,Male,217.153.230.230
92,Agosto,Kikke,akikke2j@yale.edu,Male,235.105.125.151
93,Hillel,Dykas,hdykas2k@unc.edu,Male,113.77.189.52
94,Reagan,Delgadillo,rdelgadillo2l@huffingtonpost.com,Male,8.103.7.115
95,Selia,Bog,sbog2m@fastcompany.com,Female,211.203.82.248
96,Agnola,Henlon,ahenlon2n@techcrunch.com,Female,100.58.161.162
97,Fidole,Pavett,fpavett2o@businesswire.com,Male,217.11.168.114
98,Heddi,Pietrowski,hpietrowski2p@vk.com,Female,138.136.42.107
99,Anthea,Bohler,abohler2q@nifty.com,Female,236.101.174.190
100,Fallon,Impey,fimpey2r@plala.or.jp,Female,34.123.66.1
101,Wilie,Ackers,wackers2s@mapy.cz,Female,15.67.182.178
102,Nikaniki,Brum,nbrum2t@linkedin.com,Female,107.14.4.82
103,Edythe,McCourtie,emccourtie2u@merriam-webster.com,Female,202.10.56.59
104,Danie,Verduin,dverduin2v@blogs.com,Male,248.219.186.120
105,Gorden,Brock,gbrock2w@arizona.edu,Male,87.137.157.106
106,Marice,Alyoshin,malyoshin2x@dailymotion.com,Female,231.151.211.38
107,Elora,McGoogan,emcgoogan2y@ucoz.ru,Female,211.71.9.18
108,Fara,Renoden,frenoden2z@moonfruit.com,Female,38.3.198.33
109,Hort,De Santos,hdesantos30@arizona.edu,Male,194.167.183.142
110,Jackson,Arnopp,jarnopp31@sbwire.com,Male,105.110.171.213
111,Pepita,Gildroy,pgildroy32@chronoengine.com,Female,106.98.239.227
112,Tamas,Porcas,tporcas33@nsw.gov.au,Male,20.191.36.63
113,Lucho,Verick,lverick34@prlog.org,Male,45.253.174.217
114,Fidole,Pecha,fpecha35@instagram.com,Male,247.66.56.94
115,Rriocard,Andrzejczak,randrzejczak36@usnews.com,Male,168.130.244.214
116,Max,Blaw,mblaw37@fda.gov,Male,30.172.40.207
117,Jerrine,Elwell,jelwell38@java.com,Female,119.30.128.24
118,Hinda,Charrisson,hcharrisson39@deliciousdays.com,Female,104.107.197.107
119,Arri,Aubert,aaubert3a@earthlink.net,Male,161.153.7.249
120,Keelby,Perutto,kperutto3b@rediff.com,Male,197.17.77.181
121,Lyn,Gresham,lgresham3c@guardian.co.uk,Female,36.209.231.10
122,Estelle,Wannop,ewannop3d@rediff.com,Female,151.125.16.209
123,Fabiano,Larrat,flarrat3e@ibm.com,Male,133.243.150.46
124,Ransom,Mullany,rmullany3f@google.co.jp,Male,32.25.41.246
125,Ardyth,Sansom,asansom3g@dailymotion.com,Female,181.221.55.170
126,Kenn,Brader,kbrader3h@angelfire.com,Male,43.148.108.0
127,Harriot,Coldrick,hcoldrick3i@sakura.ne.jp,Female,68.41.6.247
128,Myrvyn,Keysall,mkeysall3j@purevolume.com,Male,1.209.185.110
129,Codie,Reisin,creisin3k@independent.co.uk,Female,191.161.115.243
130,Damaris,Klaesson,dklaesson3l@pinterest.com,Female,226.220.65.164
131,Zea,Elcom,zelcom3m@businessinsider.com,Female,171.152.182.34
132,Doloritas,York,dyork3n@webmd.com,Female,240.181.157.239
133,Alfredo,Dixie,adixie3o@comsenz.com,Male,111.227.89.40
134,Kasper,Bocking,kbocking3p@loc.gov,Male,237.85.39.103
135,Tybie,Skitral,tskitral3q@privacy.gov.au,Female,175.186.203.196
136,Fern,Kave,fkave3r@wiley.com,Female,151.86.34.102
137,Saundra,Forri,sforri3s@liveinternet.ru,Female,158.80.255.247
138,Dulsea,Iacovone,diacovone3t@dot.gov,Female,102.192.249.120
139,Elva,Hanratty,ehanratty3u@archive.org,Female,91.190.88.214
140,Erik,Allwell,eallwell3v@mediafire.com,Male,54.59.110.205
141,Hanan,Picardo,hpicardo3w@studiopress.com,Male,116.166.159.3
142,Honor,Lauderdale,hlauderdale3x@hubpages.com,Female,235.83.44.185
143,Ramona,Abbati,rabbati3y@etsy.com,Female,224.86.180.126
144,Ragnar,Aubrey,raubrey3z@phpbb.com,Male,52.63.170.165
145,Wandie,Paris,wparis40@fastcompany.com,Female,242.73.128.26
146,Shelly,Strettell,sstrettell41@yolasite.com,Female,150.48.239.222
147,Lesly,Arden,larden42@imdb.com,Female,68.123.186.243
148,Elga,Cherryman,echerryman43@nih.gov,Female,100.237.230.89
149,Vick,Longland,vlongland44@who.int,Male,140.83.245.36
150,Jacki,Dysert,jdysert45@google.com.hk,Female,252.238.104.199
151,Jocelyn,Chesser,jchesser46@yellowpages.com,Female,169.130.243.147
152,Tamma,Abramzon,tabramzon47@blogger.com,Female,144.119.140.146
153,Thibaut,Joanic,tjoanic48@delicious.com,Male,112.32.9.245
154,Dore,Bleacher,dbleacher49@yale.edu,Male,199.99.235.240
155,Zsa zsa,Tedridge,ztedridge4a@google.co.jp,Female,190.194.10.61
156,Abelard,Woollends,awoollends4b@jalbum.net,Male,174.13.158.6
157,Lamond,Driuzzi,ldriuzzi4c@delicious.com,Male,219.199.55.31
158,Ad,Ference,aference4d@squidoo.com,Male,235.41.9.29
159,Meredith,Tomsett,mtomsett4e@seattletimes.com,Male,220.128.217.124
160,Abbey,Elby,aelby4f@xinhuanet.com,Male,49.113.40.75
161,Kyrstin,Bowe,kbowe4g@etsy.com,Female,49.5.74.193
162,Edmund,Saer,esaer4h@huffingtonpost.com,Male,32.61.68.115
163,Jean,Clair,jclair4i@list-manage.com,Female,171.138.1.28
164,Lexy,Hubball,lhubball4j@is.gd,Female,33.25.200.110
165,Sean,Carpmile,scarpmile4k@thetimes.co.uk,Male,252.11.209.17
166,Maryanne,Giannazzo,mgiannazzo4l@scientificamerican.com,Female,140.56.110.242
167,Kissee,Chue,kchue4m@washingtonpost.com,Female,252.10.216.189
168,Rosetta,Lichtfoth,rlichtfoth4n@discuz.net,Female,255.25.10.124
169,Margy,Leighfield,mleighfield4o@si.edu,Female,51.17.61.192
170,Bear,Carey,bcarey4p@joomla.org,Male,224.93.120.54
171,Arlyn,Tadd,atadd4q@tripadvisor.com,Female,73.7.178.87
172,Ronnie,McKmurrie,rmckmurrie4r@dion.ne.jp,Male,151.7.128.40
173,Emmaline,Clac,eclac4s@disqus.com,Female,16.17.94.248
174,Edd,Sealeaf,esealeaf4t@twitter.com,Male,53.232.222.146
175,Shea,Dumsday,sdumsday4u@hexun.com,Male,91.149.88.102
176,Gil,Seston,gseston4v@a8.net,Male,234.187.103.120
177,Barn,Piggford,bpiggford4w@goo.gl,Male,207.181.101.165
178,Andria,Duns,aduns4x@google.com.hk,Female,70.223.215.246
179,Clayton,Bulstrode,cbulstrode4y@gizmodo.com,Male,196.115.223.220
180,Bayard,Baulk,bbaulk4z@vk.com,Male,25.159.20.126
181,Harold,Plastow,hplastow50@opera.com,Male,237.253.4.52
182,Alard,Teal,ateal51@phoca.cz,Male,112.3.124.242
183,Hillyer,McKinnon,hmckinnon52@deviantart.com,Male,75.176.249.146
184,Briney,Desforges,bdesforges53@google.ru,Female,113.83.123.148
185,Teresita,Josifovitz,tjosifovitz54@comcast.net,Female,103.35.110.39
186,Constantia,Howman,chowman55@example.com,Female,243.189.187.105
187,Eduardo,Boas,eboas56@nationalgeographic.com,Male,175.10.127.37
188,Lilian,Westbury,lwestbury57@nasa.gov,Female,214.152.190.16
189,Eula,Betke,ebetke58@arstechnica.com,Female,215.250.35.38
190,Gabbey,Skerm,gskerm59@nature.com,Female,165.15.216.18
191,Sam,Gummary,sgummary5a@ifeng.com,Male,88.218.59.44
192,Trstram,Elflain,telflain5b@ibm.com,Male,24.43.148.91
193,Malina,Howsego,mhowsego5c@smh.com.au,Female,107.4.97.196
194,Rosamond,Rose,rrose5d@xing.com,Female,196.139.167.35
195,Hadley,Bartholomaus,hbartholomaus5e@cmu.edu,Male,13.245.106.56
196,Grange,Algore,galgore5f@ebay.co.uk,Male,57.14.204.78
197,Roz,Berzons,rberzons5g@shutterfly.com,Female,238.175.155.128
198,Nye,Widdison,nwiddison5h@unblog.fr,Male,25.241.131.169
199,Wells,Elms,welms5i@disqus.com,Male,44.255.145.223
200,Donnie,Stickles,dstickles5j@furl.net,Male,228.15.177.254
201,Florie,Queen,fqueen5k@nydailynews.com,Female,81.209.139.15
202,Woodie,Woollaston,wwoollaston5l@ox.ac.uk,Male,50.67.124.46
203,Viki,Bendix,vbendix5m@godaddy.com,Female,85.2.83.53
204,Electra,Lindborg,elindborg5n@webs.com,Female,203.166.172.161
205,Olenka,Iacovelli,oiacovelli5o@gmpg.org,Female,84.36.185.191
206,Daile,Kassman,dkassman5p@blogspot.com,Female,165.75.202.16
207,Edlin,Gosenell,egosenell5q@sina.com.cn,Male,37.234.205.137
208,Abbot,Sirman,asirman5r@usgs.gov,Male,202.228.6.239
209,Hamlin,Yakovl,hyakovl5s@ca.gov,Male,61.169.252.203
210,Hastings,Pinxton,hpinxton5t@army.mil,Male,197.252.108.139
211,Tonie,Jaume,tjaume5u@usgs.gov,Female,37.70.142.233
212,Duke,McKeurtan,dmckeurtan5v@aboutads.info,Male,182.158.156.10
213,Jimmie,Eiler,jeiler5w@desdev.cn,Male,131.120.161.61
214,Benjy,Lundon,blundon5x@gnu.org,Male,66.142.88.206
215,Nichole,Housego,nhousego5y@blogs.com,Male,160.189.68.182
216,Desiri,Broadhurst,dbroadhurst5z@printfriendly.com,Female,118.143.7.101
217,Nels,Haw,nhaw60@cbsnews.com,Male,122.142.27.32
218,Rosalyn,Bezley,rbezley61@pbs.org,Female,75.15.113.205
219,Wyn,Rowbottam,wrowbottam62@cnet.com,Male,230.222.160.4
220,Josie,Grand,jgrand63@house.gov,Female,120.89.112.135
221,Aldis,Himsworth,ahimsworth64@home.pl,Male,49.103.18.83
222,Dianemarie,Willars,dwillars65@paginegialle.it,Female,41.103.231.181
223,Elfrieda,Kirkbride,ekirkbride66@reuters.com,Female,242.65.244.181
224,Mohandis,Byneth,mbyneth67@stumbleupon.com,Male,109.14.47.240
225,Skipp,Mival,smival68@microsoft.com,Male,102.169.17.119
226,Sheree,Gravatt,sgravatt69@bizjournals.com,Female,239.133.35.244
227,Butch,Ozelton,bozelton6a@amazon.co.uk,Male,204.71.198.204
228,Zonnya,Marden,zmarden6b@gnu.org,Female,108.243.59.207
229,Tedra,Lyste,tlyste6c@networksolutions.com,Female,22.126.141.91
230,Matthew,Conaboy,mconaboy6d@go.com,Male,125.150.23.210
231,Berke,Palethorpe,bpalethorpe6e@mozilla.com,Male,209.155.206.195
232,Giacobo,Tripean,gtripean6f@state.tx.us,Male,135.27.200.80
233,Grete,Crowcroft,gcrowcroft6g@twitpic.com,Female,150.212.92.216
234,Kania,Friday,kfriday6h@abc.net.au,Female,195.132.69.67
235,Jere,Campsall,jcampsall6i@bloglines.com,Female,109.48.21.214
236,Carri,Mauditt,cmauditt6j@webeden.co.uk,Female,215.95.167.112
237,Tedi,Epple,tepple6k@scientificamerican.com,Female,46.226.49.218
238,Jaimie,Bellie,jbellie6l@discuz.net,Female,171.21.19.107
239,Laird,Canaan,lcanaan6m@cnn.com,Male,169.126.171.181
240,Sullivan,Applegate,sapplegate6n@sina.com.cn,Male,90.161.107.112
241,Caitrin,Seagrave,cseagrave6o@mediafire.com,Female,138.213.106.28
242,Rubia,Parmeter,rparmeter6p@jimdo.com,Female,250.136.189.236
243,Wynn,O'Glassane,woglassane6q@europa.eu,Male,103.97.114.239
244,Neall,Anstie,nanstie6r@quantcast.com,Male,233.67.247.112
245,Drusilla,Chamberlain,dchamberlain6s@nbcnews.com,Female,167.79.91.30
246,Lynda,Nesterov,lnesterov6t@xing.com,Female,54.208.174.142
247,Jory,Estabrook,jestabrook6u@cbc.ca,Male,32.211.178.240
248,Chance,McCarron,cmccarron6v@newsvine.com,Male,101.188.194.162
249,Wittie,Laffin,wlaffin6w@so-net.ne.jp,Male,70.58.123.220
250,Ianthe,Langley,ilangley6x@github.com,Female,84.239.252.59
251,Merrilee,Coare,mcoare6y@is.gd,Female,205.86.1.255
252,Iver,Roslen,iroslen6z@fastcompany.com,Male,8.220.35.159
253,Shem,Titterington,stitterington70@skyrock.com,Male,95.192.71.30
254,Lorens,Adami,ladami71@paypal.com,Male,34.39.245.57
255,Alli,Josefsohn,ajosefsohn72@comcast.net,Female,204.45.192.17
256,Caitrin,Doddemeade,cdoddemeade73@photobucket.com,Female,121.10.131.95
257,Carol-jean,Mullenger,cmullenger74@stanford.edu,Female,203.112.251.37
258,Alberto,Gilvary,agilvary75@friendfeed.com,Male,29.61.28.182
259,Sunny,Wards,swards76@theglobeandmail.com,Female,98.191.63.134
260,Dahlia,Vause,dvause77@wufoo.com,Female,198.242.126.170
261,Sonny,Buchan,sbuchan78@live.com,Female,79.15.226.88
262,Pollyanna,Caughte,pcaughte79@ameblo.jp,Female,106.57.35.145
263,Kingston,Bromige,kbromige7a@imgur.com,Male,235.197.90.85
264,Nora,Parke,nparke7b@soup.io,Female,39.50.52.39
265,Anatol,Sommerfeld,asommerfeld7c@tumblr.com,Male,9.69.248.227
266,Alic,Ewbanks,aewbanks7d@nymag.com,Male,194.172.2.238
267,Royal,Donnachie,rdonnachie7e@flavors.me,Male,83.106.223.168
268,Ira,Dericot,idericot7f@g.co,Male,155.48.96.135
269,Thorvald,Lindro,tlindro7g@usgs.gov,Male,169.241.252.94
270,Lucais,Eustanch,leustanch7h@tinyurl.com,Male,168.85.13.103
271,Darryl,Follis,dfollis7i@google.cn,Male,220.13.158.204
272,Agosto,Hamstead,ahamstead7j@cargocollective.com,Male,79.87.192.212
273,Artus,Minithorpe,aminithorpe7k@economist.com,Male,56.186.248.40
274,Gib,Van der Brugge,gvanderbrugge7l@squidoo.com,Male,203.57.87.54
275,Base,Ojeda,bojeda7m@prlog.org,Male,19.183.115.160
276,Abrahan,Knipe,aknipe7n@va.gov,Male,48.80.171.54
277,Ferd,McLafferty,fmclafferty7o@state.tx.us,Male,40.88.143.225
278,Shelby,Vignaux,svignaux7p@ft.com,Male,45.80.164.151
279,Margaretta,Costanza,mcostanza7q@altervista.org,Female,88.213.74.173
280,Richie,Peaddie,rpeaddie7r@hugedomains.com,Male,243.168.18.234
281,Cody,Baniard,cbaniard7s@slate.com,Male,65.7.165.217
282,Jaynell,Cloney,jcloney7t@guardian.co.uk,Female,46.21.205.241
283,Elmer,Brierley,ebrierley7u@answers.com,Male,6.157.123.100
284,Kendal,Haylor,khaylor7v@discuz.net,Male,162.106.114.26
285,Nevins,Yakushkin,nyakushkin7w@sfgate.com,Male,189.253.134.217
286,Billy,Cayley,bcayley7x@youtube.com,Male,227.181.106.246
287,Orbadiah,Wilmut,owilmut7y@google.com,Male,90.114.254.135
288,Octavia,Gebhard,ogebhard7z@un.org,Female,147.94.122.90
289,Case,Calderbank,ccalderbank80@wsj.com,Male,195.239.251.103
290,Glen,Menauteau,gmenauteau81@behance.net,Female,27.83.175.15
291,Pernell,Lathan,plathan82@altervista.org,Male,153.30.212.235
292,Carmella,Hambrook,chambrook83@columbia.edu,Female,164.169.53.186
293,Timmi,Dowdam,tdowdam84@gravatar.com,Female,198.36.134.12
294,Martguerita,Kensitt,mkensitt85@unc.edu,Female,80.219.30.116
295,Jeniffer,Maughan,jmaughan86@etsy.com,Female,223.183.200.35
296,Sterling,Eayrs,seayrs87@miitbeian.gov.cn,Male,253.10.190.29
297,Osmund,Feldbaum,ofeldbaum88@free.fr,Male,151.107.196.120
298,Feliks,Blundel,fblundel89@umich.edu,Male,50.174.153.87
299,Kelwin,Linn,klinn8a@surveymonkey.com,Male,190.53.190.144
300,Carmelina,Bisco,cbisco8b@youtube.com,Female,157.70.49.230
301,Stewart,Neesam,sneesam8c@oakley.com,Male,114.95.169.24
302,Fedora,Strippel,fstrippel8d@mail.ru,Female,232.140.58.230
303,Brittney,Jacobsen,bjacobsen8e@usnews.com,Female,162.132.246.119
304,Kris,Kunneke,kkunneke8f@unblog.fr,Male,224.44.81.255
305,Jillie,Ryal,jryal8g@salon.com,Female,42.44.145.213
306,Wilburt,Legan,wlegan8h@jimdo.com,Male,132.222.23.12
307,Neile,Sabbins,nsabbins8i@ca.gov,Female,162.194.178.154
308,Charlene,Cullon,ccullon8j@illinois.edu,Female,165.93.70.253
309,Gram,Boomes,gboomes8k@etsy.com,Male,194.68.118.40
310,Ozzie,Broszkiewicz,obroszkiewicz8l@usa.gov,Male,7.34.222.136
311,Cyndi,Wolvey,cwolvey8m@sakura.ne.jp,Female,74.7.94.128
312,Cthrine,Cottisford,ccottisford8n@scribd.com,Female,90.1.0.168
313,Aldrich,Bane,abane8o@51.la,Male,36.77.238.52
314,Ranique,Clinning,rclinning8p@cam.ac.uk,Female,198.12.213.206
315,Ellissa,Veitch,eveitch8q@printfriendly.com,Female,7.187.81.37
316,Anthony,McCaig,amccaig8r@businesswire.com,Male,66.115.241.33
317,Garth,Brunelli,gbrunelli8s@home.pl,Male,207.65.181.160
318,Thorsten,Govini,tgovini8t@hatena.ne.jp,Male,62.162.203.125
319,Mady,Baty,mbaty8u@go.com,Female,118.62.23.191
320,Vyky,Jecock,vjecock8v@nifty.com,Female,95.1.63.102
321,Akim,Battaille,abattaille8w@indiatimes.com,Male,231.143.108.159
322,Raoul,Keoghane,rkeoghane8x@cbc.ca,Male,136.157.154.80
323,Reta,Hrus,rhrus8y@cnn.com,Female,152.42.181.60
324,Marketa,Hasker,mhasker8z@pcworld.com,Female,10.123.252.11
325,Deana,Warden,dwarden90@joomla.org,Female,146.5.126.249
326,Corrina,Weathers,cweathers91@163.com,Female,94.215.252.254
327,Kit,Shillabeare,kshillabeare92@yahoo.co.jp,Male,7.63.49.101
328,Brandy,Isgate,bisgate93@squidoo.com,Male,82.89.10.236
329,Augustin,Olivera,aolivera94@microsoft.com,Male,156.189.147.238
330,Dosi,Bowles,dbowles95@walmart.com,Female,32.43.41.57
331,Nolan,Vasilchikov,nvasilchikov96@mozilla.org,Male,212.197.166.96
332,Corena,Leander,cleander97@dion.ne.jp,Female,225.197.144.56
333,Anabal,Oram,aoram98@shareasale.com,Female,169.71.139.77
334,Patten,Hackney,phackney99@goodreads.com,Male,156.160.190.242
335,Cyndie,Hardy-Piggin,chardypiggin9a@reverbnation.com,Female,199.132.233.68
336,Leonard,Showering,lshowering9b@exblog.jp,Male,165.255.213.192
337,Marna,Lukock,mlukock9c@sourceforge.net,Female,7.249.10.77
338,Seumas,Jamblin,sjamblin9d@so-net.ne.jp,Male,80.188.236.156
339,Weidar,Cust,wcust9e@mac.com,Male,133.6.16.119
340,Amos,O'Hearn,aohearn9f@wix.com,Male,77.37.50.208
341,Dev,Marishenko,dmarishenko9g@ucoz.ru,Male,116.39.233.65
342,Hank,Aizikowitz,haizikowitz9h@yahoo.co.jp,Male,85.221.82.53
343,Baron,Brunker,bbrunker9i@photobucket.com,Male,20.54.35.254
344,Cyrus,Cornu,ccornu9j@accuweather.com,Male,149.223.76.169
345,Vanny,Bartak,vbartak9k@aboutads.info,Female,191.90.92.87
346,Wendye,Regenhardt,wregenhardt9l@is.gd,Female,200.23.59.28
347,Tiphanie,Haggerstone,thaggerstone9m@angelfire.com,Female,176.35.82.233
348,Penni,Deporte,pdeporte9n@patch.com,Female,3.70.104.71
349,Farrand,Fernan,ffernan9o@angelfire.com,Female,206.28.84.78
350,Lauri,Siderfin,lsiderfin9p@census.gov,Female,173.28.15.108
351,Chan,Miller,cmiller9q@uiuc.edu,Male,139.59.31.108
352,Bondon,Jedrzejczyk,bjedrzejczyk9r@w3.org,Male,67.58.214.68
353,Aidan,Blacker,ablacker9s@istockphoto.com,Female,56.253.92.179
354,Mic,Viant,mviant9t@hostgator.com,Male,144.102.136.236
355,Buiron,Bellows,bbellows9u@scribd.com,Male,123.224.116.10
356,Elden,Rubinlicht,erubinlicht9v@wired.com,Male,228.1.34.14
357,Burtie,Charlon,bcharlon9w@state.gov,Male,226.41.67.183
358,Othello,Furmston,ofurmston9x@barnesandnoble.com,Male,131.76.151.40
359,Sasha,Steggals,ssteggals9y@mlb.com,Male,9.137.228.150
360,Yuri,Orred,yorred9z@dailymail.co.uk,Male,64.166.191.152
361,Drona,Stinson,dstinsona0@rediff.com,Female,71.63.73.157
362,Darline,Kik,dkika1@toplist.cz,Female,95.244.232.79
363,Pearle,Emeney,pemeneya2@youku.com,Female,20.70.173.43
364,Teodor,Harrowsmith,tharrowsmitha3@e-recht24.de,Male,219.62.161.155
365,Sunny,Veque,svequea4@t.co,Male,196.93.89.153
366,Adrienne,Buckingham,abuckinghama5@pbs.org,Female,100.176.33.79
367,Fairleigh,Godspeede,fgodspeedea6@slideshare.net,Male,88.227.57.208
368,Tallulah,Starsmore,tstarsmorea7@wikipedia.org,Female,138.202.165.243
369,Cointon,Padula,cpadulaa8@instagram.com,Male,6.121.190.241
370,Kristina,Bossom,kbossoma9@yolasite.com,Female,233.153.128.232
371,Romeo,Nurdin,rnurdinaa@nytimes.com,Male,33.219.124.177
372,Nikolas,Killigrew,nkilligrewab@eepurl.com,Male,142.128.115.160
373,Hilda,Skynner,hskynnerac@hc360.com,Female,203.217.177.158
374,Jimmy,Ettery,jetteryad@skyrock.com,Male,98.97.247.251
375,Lu,Lyosik,llyosikae@microsoft.com,Female,175.94.251.185
376,Rodger,Sagerson,rsagersonaf@sitemeter.com,Male,178.7.124.30
377,Marietta,Allridge,mallridgeag@theguardian.com,Female,138.41.159.143
378,Rakel,Orr,rorrah@about.com,Female,222.28.135.230
379,Lynelle,Bernetti,lbernettiai@usnews.com,Female,6.35.32.38
380,Chrysler,Seldner,cseldneraj@gravatar.com,Female,161.212.86.102
381,Audry,Barchrameev,abarchrameevak@sphinn.com,Female,182.233.181.91
382,Eldin,Shoreman,eshoremanal@japanpost.jp,Male,55.227.78.65
383,Peterus,Brumen,pbrumenam@toplist.cz,Male,236.77.186.236
384,Chastity,Boyde,cboydean@timesonline.co.uk,Female,27.119.69.28
385,Carly,Suffield,csuffieldao@msn.com,Male,96.184.37.120
386,Kaspar,Jaye,kjayeap@sphinn.com,Male,11.25.211.55
387,Calypso,Grinyakin,cgrinyakinaq@about.com,Female,254.232.209.42
388,Thaxter,Storrs,tstorrsar@vkontakte.ru,Male,223.51.153.48
389,Duffie,Sturch,dsturchas@marriott.com,Male,213.245.122.101
390,Chaddie,Philliskirk,cphilliskirkat@goodreads.com,Male,36.5.139.47
391,Jan,Tower,jtowerau@independent.co.uk,Male,120.136.24.167
392,Brooke,Paulus,bpaulusav@deliciousdays.com,Female,21.49.59.209
393,Kyrstin,Clotworthy,kclotworthyaw@theguardian.com,Female,29.43.238.114
394,Carol,O'Driscole,codriscoleax@springer.com,Female,186.163.160.13
395,Rochester,Templeton,rtempletonay@netscape.com,Male,27.80.190.193
396,Payton,Enticott,penticottaz@timesonline.co.uk,Male,232.207.212.166
397,Matthaeus,Bentham,mbenthamb0@google.com,Male,206.14.14.64
398,Eleonore,Raffan,eraffanb1@github.com,Female,145.209.173.233
399,Jarib,Fisk,jfiskb2@slideshare.net,Male,211.196.108.151
400,Shanta,Lory,sloryb3@businessinsider.com,Female,217.112.212.176
401,Aarika,Krzyzanowski,akrzyzanowskib4@alexa.com,Female,249.255.157.113
402,Marjory,Darton,mdartonb5@ovh.net,Female,28.14.243.205
403,Nels,Westhoff,nwesthoffb6@fotki.com,Male,90.170.80.220
404,Anderson,Redford,aredfordb7@cdbaby.com,Male,130.91.111.69
405,Brandie,Davidsohn,bdavidsohnb8@seattletimes.com,Female,9.92.186.22
406,Nanine,Cesco,ncescob9@berkeley.edu,Female,34.41.228.187
407,Jarrad,Wilstead,jwilsteadba@japanpost.jp,Male,39.58.199.44
408,Laverne,Gronav,lgronavbb@cpanel.net,Female,50.117.52.208
409,Griffith,Ellerman,gellermanbc@altervista.org,Male,27.107.105.138
410,Richart,Holyland,rholylandbd@globo.com,Male,30.77.187.203
411,Roddy,Sebastian,rsebastianbe@prweb.com,Male,188.208.212.73
412,Alma,Applegate,aapplegatebf@newsvine.com,Female,25.96.63.125
413,Paolo,Reymers,preymersbg@cpanel.net,Male,40.176.199.140
414,Celie,Pendlenton,cpendlentonbh@blogs.com,Female,17.239.13.109
415,Suzie,Karlowicz,skarlowiczbi@ustream.tv,Female,247.140.66.169
416,Chloe,Cozby,ccozbybj@cdbaby.com,Female,25.232.204.120
417,Mal,McKinstry,mmckinstrybk@yandex.ru,Male,83.120.63.108
418,Gilberto,Pye,gpyebl@vimeo.com,Male,46.93.143.209
419,Eben,Jurczak,ejurczakbm@epa.gov,Male,244.85.79.29
420,Jeanine,McHenry,jmchenrybn@nymag.com,Female,158.200.208.58
421,Netti,Dugald,ndugaldbo@zdnet.com,Female,233.172.196.28
422,Erwin,Filippyev,efilippyevbp@ted.com,Male,68.42.226.55
423,Bebe,Montez,bmontezbq@amazon.de,Female,178.89.116.185
424,Janeen,Claricoates,jclaricoatesbr@trellian.com,Female,85.68.73.95
425,Skylar,Prium,spriumbs@wiley.com,Male,207.137.221.142
426,Bernardine,Noblett,bnoblettbt@sun.com,Female,99.29.200.214
427,Neille,Lemm,nlemmbu@liveinternet.ru,Female,224.138.22.155
428,Hermon,Gallafant,hgallafantbv@redcross.org,Male,141.58.227.25
429,Eben,Sooper,esooperbw@infoseek.co.jp,Male,240.31.190.200
430,Luigi,Hallahan,lhallahanbx@pbs.org,Male,81.75.146.3
431,Giustino,Jenking,gjenkingby@theguardian.com,Male,139.164.41.174
432,Allina,Keeton,akeetonbz@diigo.com,Female,152.52.91.193
433,Archibaldo,Landeaux,alandeauxc0@imdb.com,Male,118.180.245.7
434,Arlette,Siaskowski,asiaskowskic1@wikispaces.com,Female,96.60.12.159
435,Ker,Authers,kauthersc2@com.com,Male,25.232.130.252
436,Pegeen,Disbrey,pdisbreyc3@soundcloud.com,Female,125.60.255.94
437,Angel,Kunkel,akunkelc4@ameblo.jp,Female,168.221.251.18
438,Jed,Bigham,jbighamc5@nature.com,Male,10.113.234.174
439,West,Shervil,wshervilc6@hud.gov,Male,94.221.123.161
440,Dania,Woolmore,dwoolmorec7@nytimes.com,Female,159.156.23.45
441,Seth,Pyser,spyserc8@hexun.com,Male,147.186.130.56
442,Ernie,Gramer,egramerc9@go.com,Male,60.224.245.242
443,Claresta,Tingley,ctingleyca@moonfruit.com,Female,146.99.143.85
444,Portie,Goodfield,pgoodfieldcb@biblegateway.com,Male,230.131.85.201
445,Heidi,Caddie,hcaddiecc@google.pl,Female,193.97.229.11
446,Bette,Ferrarini,bferrarinicd@archive.org,Female,143.114.214.41
447,Sheridan,Danher,sdanherce@loc.gov,Male,3.221.187.43
448,Cass,Jayume,cjayumecf@examiner.com,Male,198.38.250.184
449,Kalinda,Overthrow,koverthrowcg@oracle.com,Female,44.179.250.134
450,Kennett,Kahn,kkahnch@google.com,Male,206.4.220.240
451,Dianne,Roblett,droblettci@yandex.ru,Female,243.124.115.99
452,Shannah,Taffe,staffecj@umich.edu,Female,199.53.189.220
453,Hedi,Demanche,hdemancheck@aboutads.info,Female,43.30.174.75
454,Rafaellle,Grew,rgrewcl@wsj.com,Male,96.239.178.49
455,Pace,Clues,pcluescm@sciencedirect.com,Male,30.216.0.206
456,Susy,Macrae,smacraecn@miitbeian.gov.cn,Female,177.120.52.42
457,Torrance,Dowd,tdowdco@hugedomains.com,Male,67.83.142.109
458,Kate,Lethem,klethemcp@ox.ac.uk,Female,83.77.67.223
459,Annalise,Lebond,alebondcq@boston.com,Female,130.248.110.69
460,Jud,Laker,jlakercr@quantcast.com,Male,9.38.113.38
461,Ketti,Burges,kburgescs@domainmarket.com,Female,95.231.45.228
462,Dimitri,Le Pruvost,dlepruvostct@cmu.edu,Male,114.185.84.230
463,Karalynn,L'oiseau,kloiseaucu@friendfeed.com,Female,49.241.189.109
464,Pepi,Hearley,phearleycv@blinklist.com,Female,214.146.143.135
465,Mariette,Waren,mwarencw@dyndns.org,Female,89.255.93.77
466,Cornelius,MacNulty,cmacnultycx@boston.com,Male,212.159.89.20
467,Ronnie,Furse,rfursecy@unicef.org,Female,140.133.227.235
468,Rakel,Shepstone,rshepstonecz@vinaora.com,Female,136.227.80.191
469,Virgil,Weathey,vweatheyd0@google.nl,Male,146.205.227.144
470,Minta,Pharo,mpharod1@google.co.jp,Female,172.207.45.135
471,Cinnamon,Zecchinii,czecchiniid2@fc2.com,Female,38.164.250.235
472,Rosalynd,Wonham,rwonhamd3@quantcast.com,Female,150.162.130.245
473,Cobbie,Grunbaum,cgrunbaumd4@altervista.org,Male,58.226.43.242
474,Enos,Treske,etresked5@phoca.cz,Male,77.250.195.186
475,Serge,de Bullion,sdebulliond6@is.gd,Male,35.172.177.100
476,Dreddy,Batecok,dbatecokd7@fda.gov,Female,113.181.82.243
477,Marlena,Fishlock,mfishlockd8@fema.gov,Female,130.245.241.204
478,Ed,Chitter,echitterd9@seesaa.net,Male,57.227.33.80
479,Christabella,Gibson,cgibsonda@slate.com,Female,248.114.57.185
480,Eugene,Hayland,ehaylanddb@linkedin.com,Male,132.113.87.199
481,Timmy,Cane,tcanedc@parallels.com,Male,159.222.153.168
482,Brewster,Tointon,btointondd@facebook.com,Male,83.110.88.191
483,Alissa,Close,aclosede@hud.gov,Female,181.220.95.174
484,Isa,Mattson,imattsondf@oaic.gov.au,Female,213.120.89.226
485,Valencia,Pedrollo,vpedrollodg@simplemachines.org,Female,35.7.61.93
486,Rowen,Dobrovolski,rdobrovolskidh@i2i.jp,Male,146.220.82.103
487,Karney,Blackey,kblackeydi@addthis.com,Male,153.8.187.190
488,Florance,Dethloff,fdethloffdj@prnewswire.com,Female,134.240.161.27
489,Eli,Postles,epostlesdk@chronoengine.com,Male,13.62.170.7
490,Broderic,Astlett,bastlettdl@senate.gov,Male,7.202.231.221
491,Benni,Old,bolddm@cloudflare.com,Female,117.37.54.134
492,Iorgo,Saffran,isaffrandn@cnet.com,Male,198.108.20.19
493,Brittne,Cudde,bcuddedo@webeden.co.uk,Female,55.98.94.234
494,Paquito,Lattimer,plattimerdp@nbcnews.com,Male,69.88.157.41
495,Arlana,De Dantesie,adedantesiedq@bing.com,Female,69.38.36.240
496,Nicoli,Etchingham,netchinghamdr@weather.com,Female,199.116.59.103
497,Chrissy,Quene,cqueneds@chronoengine.com,Female,224.225.143.132
498,Farly,Scardifeild,fscardifeilddt@naver.com,Male,141.162.80.68
499,Aloysius,Paoloni,apaolonidu@patch.com,Male,177.238.178.85
500,Bradley,Shutt,bshuttdv@army.mil,Male,105.95.243.168
501,Ranique,Lockitt,rlockittdw@theguardian.com,Female,13.196.88.42
502,Ruggiero,Yallowley,ryallowleydx@scientificamerican.com,Male,206.71.181.205
503,Bendicty,Tringham,btringhamdy@dell.com,Male,133.183.196.64
504,Adriena,Reams,areamsdz@state.tx.us,Female,5.249.148.136
505,Conney,Espie,cespiee0@themeforest.net,Male,196.40.22.74
506,Bucky,Cosgreave,bcosgreavee1@eventbrite.com,Male,86.39.227.216
507,Elianore,Tranter,etrantere2@sciencedaily.com,Female,36.105.193.249
508,Tann,Shackel,tshackele3@ustream.tv,Male,90.36.139.132
509,Esme,Meijer,emeijere4@sphinn.com,Female,92.242.222.234
510,Wallie,Luckie,wluckiee5@sourceforge.net,Female,239.40.85.85
511,Jonathan,Derkes,jderkese6@seesaa.net,Male,152.152.91.35
512,Jo-ann,Kitchaside,jkitchasidee7@narod.ru,Female,203.112.122.68
513,Shirlee,Drew,sdrewe8@phoca.cz,Female,177.92.93.100
514,Asia,Hedditch,ahedditche9@engadget.com,Female,207.79.200.80
515,Marice,Eyckel,meyckelea@godaddy.com,Female,251.140.254.230
516,Rafi,Venneur,rvenneureb@yellowpages.com,Male,194.199.39.223
517,Yurik,Tewkesbury.,ytewkesburyec@dmoz.org,Male,190.185.34.90
518,Peterus,Maunder,pmaundered@hugedomains.com,Male,216.77.99.68
519,Farlee,Elster,felsteree@wikispaces.com,Male,44.97.27.42
520,Luther,Roman,lromanef@irs.gov,Male,25.28.112.44
521,Redd,Putland,rputlandeg@telegraph.co.uk,Male,63.231.90.142
522,Gisela,Harbard,gharbardeh@1688.com,Female,210.157.55.114
523,Ira,Bromwich,ibromwichei@forbes.com,Male,233.147.7.152
524,Aloisia,Doog,adoogej@seesaa.net,Female,159.209.219.160
525,Chickie,Woolager,cwoolagerek@gravatar.com,Male,121.244.189.72
526,Rodrigo,Dron,rdronel@scribd.com,Male,207.236.66.222
527,Ambrosi,Vella,avellaem@meetup.com,Male,177.91.72.190
528,Jamey,Carek,jcareken@jugem.jp,Male,66.98.12.142
529,Ingeborg,Shapland,ishaplandeo@furl.net,Female,52.131.213.253
530,Xenia,Andover,xandoverep@redcross.org,Female,117.221.43.12
531,Vonni,Surmeyer,vsurmeyereq@amazon.co.jp,Female,158.89.27.31
532,Linzy,Boutellier,lboutellierer@typepad.com,Female,41.185.210.54
533,Milton,Jiroutek,mjiroutekes@t.co,Male,47.62.226.216
534,Orelee,Howlin,ohowlinet@stumbleupon.com,Female,134.48.248.206
535,Jenelle,Endricci,jendriccieu@de.vu,Female,24.206.10.41
536,Adriano,Gammon,agammonev@youku.com,Male,32.236.66.173
537,Mordy,Coaten,mcoatenew@wufoo.com,Male,127.236.146.122
538,Freedman,Musson,fmussonex@feedburner.com,Male,247.26.141.37
539,Valencia,Woollett,vwoollettey@nbcnews.com,Female,28.187.207.114
540,Clemmy,Greenhough,cgreenhoughez@home.pl,Male,94.168.251.84
541,Iorgo,Roughey,irougheyf0@boston.com,Male,202.214.155.120
542,Margarethe,Ellerman,mellermanf1@businesswire.com,Female,224.114.113.234
543,Gene,Handman,ghandmanf2@cnet.com,Female,184.225.227.236
544,Thornton,MacKellar,tmackellarf3@youku.com,Male,28.42.246.31
545,Gaston,Eringey,geringeyf4@parallels.com,Male,228.159.44.233
546,Sansone,Bourgour,sbourgourf5@chicagotribune.com,Male,190.90.235.197
547,Yelena,Shreenan,yshreenanf6@whitehouse.gov,Female,180.54.84.244
548,Anne,Brewin,abrewinf7@noaa.gov,Female,138.146.207.141
549,Aldwin,Proske,aproskef8@pagesperso-orange.fr,Male,205.179.185.205
550,Edwin,Raittie,eraittief9@privacy.gov.au,Male,232.75.109.35
551,Alexander,Sturt,asturtfa@jigsy.com,Male,106.211.176.246
552,Husain,Twinterman,htwintermanfb@stanford.edu,Male,131.35.40.161
553,Phebe,Dries,pdriesfc@ocn.ne.jp,Female,1.224.91.213
554,Eloisa,Hutchence,ehutchencefd@xing.com,Female,162.27.25.70
555,Brita,Ruspine,bruspinefe@hatena.ne.jp,Female,44.84.226.124
556,Alexis,Aurelius,aaureliusff@wisc.edu,Female,38.22.162.90
557,Arny,Leversha,alevershafg@meetup.com,Male,85.35.45.152
558,Goldina,Trengrove,gtrengrovefh@altervista.org,Female,26.47.106.244
559,Benji,Ickovits,bickovitsfi@pagesperso-orange.fr,Male,67.225.187.77
560,Lazaro,Vannet,lvannetfj@pcworld.com,Male,137.214.45.235
561,Susan,McGroarty,smcgroartyfk@blogs.com,Female,107.129.58.202
562,Lacie,Windaybank,lwindaybankfl@homestead.com,Female,168.135.157.224
563,Keefe,Outright,koutrightfm@vkontakte.ru,Male,252.246.166.109
564,Walliw,McNee,wmcneefn@army.mil,Female,121.32.95.121
565,Colas,Yter,cyterfo@tinyurl.com,Male,164.226.243.133
566,Pavia,Heart,pheartfp@statcounter.com,Female,230.231.233.200
567,Pooh,Dudeney,pdudeneyfq@merriam-webster.com,Male,40.114.161.28
568,Palm,Conaboy,pconaboyfr@buzzfeed.com,Male,165.46.126.172
569,Ancell,Rowan,arowanfs@scientificamerican.com,Male,194.175.185.62
570,Dorette,Hamlington,dhamlingtonft@canalblog.com,Female,55.225.51.97
571,Justus,Kulis,jkulisfu@hibu.com,Male,143.138.132.70
572,Woodie,Howsin,whowsinfv@illinois.edu,Male,121.109.198.110
573,Godfree,Rolf,grolffw@sbwire.com,Male,69.141.58.184
574,Eydie,Nappin,enappinfx@google.co.uk,Female,238.198.118.254
575,Sadye,Kettle,skettlefy@va.gov,Female,246.185.126.53
576,Hazel,Hofner,hhofnerfz@princeton.edu,Male,95.169.61.18
577,Viviyan,Tuffley,vtuffleyg0@google.com,Female,220.158.191.207
578,Letizia,Schnieder,lschniederg1@businesswire.com,Female,57.35.1.159
579,Rubin,Matias,rmatiasg2@statcounter.com,Male,237.36.196.21
580,Rebeca,Pourvoieur,rpourvoieurg3@whitehouse.gov,Female,158.146.225.178
581,Bernie,Koopman,bkoopmang4@sohu.com,Female,36.58.167.110
582,Rivi,Camerello,rcamerellog5@biblegateway.com,Female,123.65.101.235
583,Joey,Thonger,jthongerg6@cnn.com,Female,157.25.110.52
584,Bettina,Tevelov,btevelovg7@dagondesign.com,Female,126.15.127.120
585,Del,Hurl,dhurlg8@slideshare.net,Female,79.69.243.113
586,Frasier,Handasyde,fhandasydeg9@telegraph.co.uk,Male,177.12.206.211
587,Hilde,Geddis,hgeddisga@usa.gov,Female,137.39.187.252
588,Bryanty,Plaster,bplastergb@reference.com,Male,69.75.11.65
589,Everard,Harverson,eharversongc@msu.edu,Male,170.149.88.87
590,Jacinda,Hammett,jhammettgd@de.vu,Female,130.219.100.200
591,Allyn,Mc Curlye,amccurlyege@t-online.de,Female,38.47.7.91
592,Rudyard,Goodrum,rgoodrumgf@networkadvertising.org,Male,68.10.16.92
593,Lucila,Greene,lgreenegg@mozilla.com,Female,197.135.184.93
594,Mandi,Todarello,mtodarellogh@plala.or.jp,Female,100.225.2.17
595,Jimmy,Francais,jfrancaisgi@mapquest.com,Male,80.245.238.8
596,Raff,Kaming,rkaminggj@indiegogo.com,Male,41.226.129.244
597,Madelaine,Gibbett,mgibbettgk@umich.edu,Female,173.0.76.121
598,Farris,Clamp,fclampgl@earthlink.net,Male,182.193.35.178
599,Jerry,Frosdick,jfrosdickgm@umn.edu,Male,67.128.51.19
600,Barbey,Sirkett,bsirkettgn@mac.com,Female,64.92.32.117
601,Jodee,Musk,jmuskgo@icio.us,Female,248.177.133.252
602,Christi,McDavitt,cmcdavittgp@ibm.com,Female,208.70.195.207
603,Jannelle,Rubega,jrubegagq@addtoany.com,Female,88.164.166.74
604,Roberto,Cheine,rcheinegr@hubpages.com,Male,254.156.88.249
605,Bruis,Cattanach,bcattanachgs@theatlantic.com,Male,116.67.95.140
606,Ginger,Hirtzmann,ghirtzmanngt@altervista.org,Female,72.30.127.203
607,Luke,Bache,lbachegu@cdbaby.com,Male,33.123.117.205
608,Weston,Baumber,wbaumbergv@bloglines.com,Male,121.130.74.233
609,Farly,Hallewell,fhallewellgw@hud.gov,Male,113.94.24.203
610,Aurthur,Bewshea,abewsheagx@harvard.edu,Male,74.176.131.190
611,Rafael,Killelea,rkilleleagy@eventbrite.com,Male,242.178.132.154
612,Rolf,Attfield,rattfieldgz@blog.com,Male,199.170.177.142
613,Edgar,Margetts,emargettsh0@hp.com,Male,37.188.223.94
614,Isobel,McAughtry,imcaughtryh1@apple.com,Female,129.131.226.62
615,Norman,Fedynski,nfedynskih2@com.com,Male,164.24.149.27
616,Mikey,Roggero,mroggeroh3@domainmarket.com,Male,108.15.243.155
617,Rourke,Redparth,rredparthh4@hostgator.com,Male,58.23.99.48
618,Kip,Meaney,kmeaneyh5@nih.gov,Female,108.187.56.105
619,Kally,Farran,kfarranh6@flavors.me,Female,35.253.134.148
620,Zarla,Rowbotham,zrowbothamh7@buzzfeed.com,Female,117.187.31.90
621,Sharona,Lindenboim,slindenboimh8@dailymail.co.uk,Female,130.47.64.67
622,Morissa,Renzini,mrenzinih9@simplemachines.org,Female,10.219.97.23
623,Vivyanne,Crewther,vcrewtherha@freewebs.com,Female,59.236.61.220
624,Melody,Airey,maireyhb@mayoclinic.com,Female,13.8.128.205
625,Chris,Crust,ccrusthc@arizona.edu,Female,43.95.70.226
626,Laird,Flucker,lfluckerhd@si.edu,Male,140.196.64.100
627,Ethelred,Dufoure,edufourehe@wsj.com,Male,47.147.182.12
628,Art,Robbey,arobbeyhf@biblegateway.com,Male,187.74.97.172
629,Alfi,Frankton,afranktonhg@amazon.co.jp,Female,79.101.197.240
630,Belvia,McDougal,bmcdougalhh@time.com,Female,27.232.179.249
631,Fabio,Capron,fcapronhi@jigsy.com,Male,47.65.12.64
632,Sarah,Labuschagne,slabuschagnehj@friendfeed.com,Female,19.58.188.227
633,Valaree,Grund,vgrundhk@weather.com,Female,55.151.142.24
634,Hart,Tuplin,htuplinhl@oaic.gov.au,Male,178.27.156.5
635,Herc,Mumbray,hmumbrayhm@phoca.cz,Male,6.163.82.180
636,Barbaraanne,Coyte,bcoytehn@wisc.edu,Female,123.92.188.23
637,Darrick,Rumbelow,drumbelowho@goodreads.com,Male,125.187.91.123
638,Anabelle,Palin,apalinhp@webmd.com,Female,224.30.57.235
639,Shoshanna,Etridge,setridgehq@netvibes.com,Female,90.82.165.246
640,Cosimo,Robke,crobkehr@jimdo.com,Male,170.44.36.98
641,Nicko,Yankin,nyankinhs@ted.com,Male,73.135.153.28
642,Rollo,Sleightholme,rsleightholmeht@topsy.com,Male,109.129.36.92
643,Genny,Vivians,gvivianshu@wordpress.org,Female,227.42.46.255
644,Alejandra,Hanshawe,ahanshawehv@who.int,Female,90.183.64.143
645,Alvis,Mouat,amouathw@fema.gov,Male,135.182.171.233
646,Murial,Stronach,mstronachhx@ifeng.com,Female,121.190.29.68
647,Doyle,Jiggle,djigglehy@altervista.org,Male,53.74.39.226
648,Brendis,Blazhevich,bblazhevichhz@qq.com,Male,155.201.90.179
649,Con,Kennedy,ckennedyi0@sbwire.com,Female,244.88.89.92
650,Friedrich,Tirone,ftironei1@sourceforge.net,Male,125.55.70.28
651,Sonnie,Goddard,sgoddardi2@wunderground.com,Male,166.125.66.99
652,Jean,Sherreard,jsherreardi3@senate.gov,Female,166.99.189.84
653,Olenolin,Freeland,ofreelandi4@google.co.jp,Male,39.248.85.13
654,Franklyn,Weatherby,fweatherbyi5@nbcnews.com,Male,165.45.8.73
655,Inger,Manwell,imanwelli6@free.fr,Female,242.90.68.63
656,Holly,Kayley,hkayleyi7@google.it,Female,7.173.158.117
657,Cornelius,Burgot,cburgoti8@comsenz.com,Male,178.129.137.0
658,Helsa,Ducarel,hducareli9@quantcast.com,Female,55.183.107.213
659,Koenraad,Marre,kmarreia@edublogs.org,Male,53.147.176.16
660,Maurita,Shuard,mshuardib@fema.gov,Female,161.239.116.163
661,Evangelina,Bowdler,ebowdleric@mit.edu,Female,170.164.227.71
662,Rand,Python,rpythonid@sfgate.com,Male,105.132.6.212
663,Alric,Guslon,aguslonie@hibu.com,Male,179.86.29.14
664,Bethany,Yurkevich,byurkevichif@shutterfly.com,Female,104.58.11.156
665,Hetti,Harm,hharmig@cdc.gov,Female,179.171.57.52
666,Keri,Kuhnhardt,kkuhnhardtih@fotki.com,Female,16.103.153.149
667,Alissa,Reeve,areeveii@icio.us,Female,192.155.31.92
668,Addie,Magnay,amagnayij@ebay.com,Male,161.13.193.160
669,Tori,Neilly,tneillyik@goo.gl,Female,23.79.142.84
670,Skylar,Marchington,smarchingtonil@flickr.com,Male,86.117.94.123
671,Marilee,Scowen,mscowenim@rakuten.co.jp,Female,124.94.6.122
672,Laney,Baylis,lbaylisin@google.de,Male,103.138.134.236
673,Jeremiah,MacAfee,jmacafeeio@dagondesign.com,Male,53.10.149.178
674,Aveline,Longland,alonglandip@epa.gov,Female,188.214.38.133
675,Rabi,Terris,rterrisiq@google.co.uk,Male,191.198.188.48
676,Allyn,Gwynne,agwynneir@fda.gov,Male,102.32.83.238
677,Cornela,Calderhead,ccalderheadis@sphinn.com,Female,225.123.183.161
678,Tonye,Lindwall,tlindwallit@creativecommons.org,Female,209.21.194.167
679,Anne-marie,Mallya,amallyaiu@vkontakte.ru,Female,194.142.242.199
680,Blinni,Legendre,blegendreiv@foxnews.com,Female,3.173.64.228
681,Penny,Grinaugh,pgrinaughiw@plala.or.jp,Female,245.25.5.84
682,Giffie,Creasey,gcreaseyix@odnoklassniki.ru,Male,244.242.234.201
683,Marni,Justice,mjusticeiy@youtube.com,Female,210.89.255.125
684,Guillermo,Badam,gbadamiz@examiner.com,Male,212.138.96.228
685,Max,Jerson,mjersonj0@yahoo.co.jp,Male,154.112.209.15
686,Gardiner,Pritchett,gpritchettj1@lulu.com,Male,32.85.58.103
687,Ave,Forster,aforsterj2@dell.com,Male,252.158.204.135
688,Clara,Spottswood,cspottswoodj3@nbcnews.com,Female,146.227.184.11
689,Elfrieda,Gilstin,egilstinj4@toplist.cz,Female,238.125.24.162
690,Dotty,Howieson,dhowiesonj5@histats.com,Female,245.249.64.105
691,Haven,Whewill,hwhewillj6@wiley.com,Male,205.35.202.131
692,Hadrian,Crampsey,hcrampseyj7@dot.gov,Male,207.104.76.193
693,Marjorie,Iacofo,miacofoj8@amazon.de,Female,147.50.253.155
694,Bellanca,Dutteridge,bdutteridgej9@bravesites.com,Female,96.188.226.181
695,Paddie,Alben,palbenja@opera.com,Male,187.55.14.96
696,Mayor,Bowhay,mbowhayjb@fema.gov,Male,122.169.6.186
697,Rhianna,Carnduff,rcarnduffjc@nydailynews.com,Female,204.98.96.23
698,Merna,McKyrrelly,mmckyrrellyjd@bravesites.com,Female,203.209.123.165
699,Sofie,Hamlington,shamlingtonje@rediff.com,Female,60.173.23.18
700,Kimble,Tommen,ktommenjf@gov.uk,Male,245.165.178.85
701,Howard,MacDonald,hmacdonaldjg@marriott.com,Male,196.35.40.175
702,Margaux,Helliar,mhelliarjh@omniture.com,Female,18.227.231.176
703,Bastian,Shoebridge,bshoebridgeji@hhs.gov,Male,31.254.250.70
704,Marketa,Purshouse,mpurshousejj@wikipedia.org,Female,42.144.224.140
705,Kory,Alam,kalamjk@upenn.edu,Male,160.246.6.107
706,Othelia,Emanuele,oemanuelejl@netlog.com,Female,191.139.82.92
707,Sophie,McLukie,smclukiejm@angelfire.com,Female,233.253.2.184
708,Octavius,Maw,omawjn@mit.edu,Male,65.17.229.248
709,Frazer,Durand,fdurandjo@boston.com,Male,58.138.178.222
710,Henrietta,Kohrs,hkohrsjp@biglobe.ne.jp,Female,124.197.189.249
711,Zacharie,Raggitt,zraggittjq@weebly.com,Male,59.229.85.228
712,Alberta,Fockes,afockesjr@surveymonkey.com,Female,118.242.159.202
713,Sayre,Salvati,ssalvatijs@phoca.cz,Female,34.133.179.239
714,Nealon,Pride,npridejt@statcounter.com,Male,87.223.106.94
715,Mathias,Rickerby,mrickerbyju@hhs.gov,Male,182.21.158.159
716,Nicolas,Bonnier,nbonnierjv@google.co.jp,Male,218.50.91.164
717,Hailey,Raiment,hraimentjw@hao123.com,Male,32.79.139.229
718,Phaidra,Szabo,pszabojx@delicious.com,Female,241.153.125.127
719,Alexander,Pash,apashjy@samsung.com,Male,69.101.36.82
720,Aubree,Dobrowolski,adobrowolskijz@uol.com.br,Female,180.98.66.139
721,Renata,Screas,rscreask0@amazon.com,Female,108.124.143.150
722,Dotti,Levene,dlevenek1@npr.org,Female,34.213.71.95
723,Dinny,Kettel,dkettelk2@ifeng.com,Female,12.112.9.219
724,Shane,Mardle,smardlek3@bbc.co.uk,Female,158.165.193.53
725,Cyrus,Greated,cgreatedk4@buzzfeed.com,Male,196.165.14.57
726,Guenna,Rosterne,grosternek5@yandex.ru,Female,244.6.42.62
727,Thia,Lockley,tlockleyk6@furl.net,Female,30.242.122.61
728,Dallon,Gringley,dgringleyk7@example.com,Male,132.209.67.26
729,Errick,Money,emoneyk8@eventbrite.com,Male,22.17.102.81
730,Marlene,Gionettitti,mgionettittik9@hatena.ne.jp,Female,27.201.170.47
731,Fred,Randalston,frandalstonka@squarespace.com,Male,109.129.244.5
732,Woodman,Hamments,whammentskb@dell.com,Male,185.99.39.163
733,Rowe,Claasen,rclaasenkc@geocities.jp,Female,207.82.52.55
734,Eunice,Ferroli,eferrolikd@slate.com,Female,216.105.64.131
735,Keriann,Smead,ksmeadke@yandex.ru,Female,16.233.169.221
736,Samuel,Cattenach,scattenachkf@who.int,Male,54.109.208.57
737,Shelba,Georgeon,sgeorgeonkg@dion.ne.jp,Female,181.132.156.252
738,Adriena,Serraillier,aserraillierkh@cornell.edu,Female,212.190.179.0
739,Desiri,Snarr,dsnarrki@oaic.gov.au,Female,73.33.48.48
740,Hyacinth,Imlen,himlenkj@sciencedirect.com,Female,201.177.69.24
741,Vida,Bocke,vbockekk@fastcompany.com,Female,220.123.0.167
742,Vivianne,Pilipets,vpilipetskl@imgur.com,Female,67.53.10.8
743,Merl,Beed,mbeedkm@netlog.com,Female,22.7.200.76
744,Jefferey,Sandlin,jsandlinkn@slideshare.net,Male,130.246.151.125
745,Lin,Rebanks,lrebanksko@dyndns.org,Female,217.209.74.221
746,Vannie,Wife,vwifekp@nsw.gov.au,Female,27.7.113.75
747,Reyna,Ballinger,rballingerkq@europa.eu,Female,48.52.60.251
748,Ninon,Olennikov,nolennikovkr@drupal.org,Female,82.254.182.234
749,Morganne,Hedylstone,mhedylstoneks@posterous.com,Female,10.217.19.38
750,Jerry,Foat,jfoatkt@ihg.com,Female,69.246.191.151
751,Betsey,Kuhndel,bkuhndelku@jigsy.com,Female,88.194.42.39
752,Griffy,Tredinnick,gtredinnickkv@rediff.com,Male,80.105.33.222
753,Freddy,Mudge,fmudgekw@samsung.com,Male,34.70.5.67
754,Darwin,Theakston,dtheakstonkx@sina.com.cn,Male,6.219.50.192
755,Aurelia,Colgan,acolganky@cam.ac.uk,Female,97.223.43.135
756,Brew,Sains,bsainskz@salon.com,Male,176.110.194.221
757,Blake,Traynor,btraynorl0@ehow.com,Female,7.246.172.204
758,Andeee,Westnedge,awestnedgel1@gravatar.com,Female,139.244.110.201
759,Gloria,Byne,gbynel2@goodreads.com,Female,225.242.54.206
760,Abe,Attwill,aattwilll3@yahoo.com,Male,26.184.120.182
761,Dallas,Becket,dbecketl4@icio.us,Male,60.69.38.174
762,Chevy,Gargett,cgargettl5@samsung.com,Male,228.31.96.61
763,Wenona,Gurry,wgurryl6@un.org,Female,115.126.4.251
764,Cash,Latchmore,clatchmorel7@spiegel.de,Male,161.56.201.206
765,Emmy,Christoforou,echristoforoul8@ask.com,Male,227.158.90.210
766,Fancie,Dorbon,fdorbonl9@telegraph.co.uk,Female,187.182.161.70
767,Jemmie,Greep,jgreepla@auda.org.au,Female,76.174.213.76
768,Ham,Balchen,hbalchenlb@pinterest.com,Male,116.229.246.144
769,Marty,Shaughnessy,mshaughnessylc@yahoo.co.jp,Male,139.87.129.151
770,Wandis,Royston,wroystonld@irs.gov,Female,252.174.238.115
771,Janith,Geockle,jgeocklele@nymag.com,Female,87.40.196.122
772,Graeme,Coleborn,gcolebornlf@github.io,Male,27.177.233.17
773,Leanora,Swindles,lswindleslg@biblegateway.com,Female,241.4.253.194
774,Way,Szach,wszachlh@google.de,Male,21.166.46.249
775,Ginny,Teggin,gtegginli@jigsy.com,Female,44.70.194.29
776,Mirilla,Fryers,mfryerslj@bloglovin.com,Female,153.72.164.59
777,Gennie,Pannaman,gpannamanlk@loc.gov,Female,165.104.69.213
778,Vidovik,Macoun,vmacounll@bandcamp.com,Male,202.67.39.44
779,Corissa,Lantry,clantrylm@lycos.com,Female,250.76.237.221
780,Rufe,McMeanma,rmcmeanmaln@pagesperso-orange.fr,Male,217.245.35.215
781,Bryna,Quene,bquenelo@noaa.gov,Female,128.176.67.216
782,Haily,Albert,halbertlp@histats.com,Female,149.189.52.152
783,Eldin,Edmundson,eedmundsonlq@imgur.com,Male,11.5.151.146
784,Burlie,Bedells,bbedellslr@tinyurl.com,Male,23.88.22.146
785,Kitty,Solman,ksolmanls@liveinternet.ru,Female,20.80.112.138
786,Jessamine,Minnock,jminnocklt@mac.com,Female,25.241.134.96
787,Haskel,Leppo,hleppolu@t-online.de,Male,211.154.66.114
788,Bridgette,Eddis,beddislv@multiply.com,Female,45.111.212.247
789,Valenka,McGarvey,vmcgarveylw@smugmug.com,Female,21.110.168.160
790,Inigo,Walklott,iwalklottlx@merriam-webster.com,Male,90.164.252.133
791,Justino,Greenhill,jgreenhillly@storify.com,Male,181.149.230.35
792,Isak,Franklin,ifranklinlz@howstuffworks.com,Male,143.81.83.228
793,Joey,Staniland,jstanilandm0@elpais.com,Male,255.69.88.121
794,Hollie,Johnsey,hjohnseym1@vinaora.com,Female,49.88.86.60
795,Park,McRobert,pmcrobertm2@msn.com,Male,70.62.245.85
796,Cthrine,Jacob,cjacobm3@1688.com,Female,109.191.8.53
797,Standford,Pariss,sparissm4@tinyurl.com,Male,84.205.234.128
798,Hagan,Coltart,hcoltartm5@geocities.com,Male,12.194.16.29
799,Barton,Slinn,bslinnm6@slideshare.net,Male,33.217.228.19
800,Renado,Toma,rtomam7@wordpress.org,Male,225.74.228.92
801,Alysia,Bartolozzi,abartolozzim8@yellowbook.com,Female,76.53.57.223
802,Ody,Wankel,owankelm9@comcast.net,Male,58.229.172.51
803,Ferd,Hegges,fheggesma@shop-pro.jp,Male,184.226.141.179
804,Kinnie,Wetherick,kwetherickmb@example.com,Male,171.80.203.56
805,Denis,Antos,dantosmc@wsj.com,Male,105.252.165.139
806,Nalani,Ibbison,nibbisonmd@vkontakte.ru,Female,8.34.151.198
807,Cara,Dulin,cdulinme@1688.com,Female,255.125.119.169
808,Elianora,Elrick,eelrickmf@diigo.com,Female,140.105.84.64
809,Beverie,Lippatt,blippattmg@microsoft.com,Female,19.141.144.61
810,Bryana,Piotrowski,bpiotrowskimh@mozilla.org,Female,157.63.74.30
811,Justus,Bradock,jbradockmi@amazonaws.com,Male,195.27.142.233
812,Margret,Teresia,mteresiamj@amazonaws.com,Female,191.131.28.73
813,Fanechka,Krishtopaittis,fkrishtopaittismk@dailymotion.com,Female,158.211.129.177
814,Fulvia,Gontier,fgontierml@jalbum.net,Female,58.118.22.136
815,Pace,Piris,ppirismm@yale.edu,Male,20.56.40.202
816,Booth,Reihm,breihmmn@umn.edu,Male,65.171.38.160
817,De witt,Cadreman,dcadremanmo@symantec.com,Male,168.122.28.177
818,Sydney,Suche,ssuchemp@storify.com,Male,103.70.212.96
819,Dotti,Maine,dmainemq@domainmarket.com,Female,50.97.205.115
820,Dilan,Lemmertz,dlemmertzmr@phoca.cz,Male,237.2.23.81
821,Brittany,Frichley,bfrichleyms@unesco.org,Female,161.250.93.74
822,Matthaeus,Lilywhite,mlilywhitemt@epa.gov,Male,38.18.104.122
823,Sinclair,Calles,scallesmu@google.nl,Male,165.91.42.77
824,Hoyt,Hakes,hhakesmv@archive.org,Male,76.62.159.120
825,Dougy,Genney,dgenneymw@webeden.co.uk,Male,8.85.72.249
826,Darda,Manvell,dmanvellmx@va.gov,Female,133.251.60.226
827,Holly-anne,Willshere,hwillsheremy@slashdot.org,Female,122.197.151.249
828,Iain,Gothard,igothardmz@dyndns.org,Male,139.30.64.192
829,Sheena,Zarfai,szarfain0@angelfire.com,Female,134.225.233.78
830,Morton,Hatherley,mhatherleyn1@hostgator.com,Male,154.98.150.181
831,Krystle,Elder,keldern2@amazon.com,Female,169.191.167.202
832,Leonore,Brodbin,lbrodbinn3@freewebs.com,Female,230.131.65.234
833,Asher,Filippyev,afilippyevn4@google.com.hk,Male,253.113.97.197
834,Lenci,Reavell,lreavelln5@uol.com.br,Male,248.228.42.72
835,Pattie,Ancell,pancelln6@nature.com,Male,57.145.147.132
836,Pavel,Batts,pbattsn7@ezinearticles.com,Male,43.250.172.62
837,Vinny,Drayson,vdraysonn8@go.com,Female,61.24.52.124
838,Nani,Scutts,nscuttsn9@google.ru,Female,149.233.87.156
839,Troy,Youngs,tyoungsna@typepad.com,Male,37.176.103.148
840,Donica,Corbishley,dcorbishleynb@berkeley.edu,Female,118.21.201.109
841,Arv,Gatley,agatleync@guardian.co.uk,Male,139.209.13.63
842,Kaitlin,Rodgers,krodgersnd@sfgate.com,Female,161.234.123.30
843,Ted,Bratten,tbrattenne@adobe.com,Female,58.128.120.9
844,Glynis,Riddel,griddelnf@merriam-webster.com,Female,82.60.38.88
845,Betty,Feaster,bfeasterng@home.pl,Female,253.64.80.211
846,Deva,Lozano,dlozanonh@eventbrite.com,Female,195.7.126.83
847,Tammara,Abbots,tabbotsni@goo.ne.jp,Female,254.116.138.86
848,Claybourne,Heather,cheathernj@fema.gov,Male,125.124.228.142
849,Zolly,Deex,zdeexnk@spotify.com,Male,7.27.226.120
850,Martha,Seekings,mseekingsnl@chronoengine.com,Female,175.99.61.74
851,Odell,Shawyers,oshawyersnm@latimes.com,Male,121.28.202.47
852,Berke,Plet,bpletnn@jugem.jp,Male,182.25.13.238
853,Vanda,Jeff,vjeffno@lycos.com,Female,9.90.25.241
854,Melisse,Sandercroft,msandercroftnp@java.com,Female,36.112.128.8
855,Geoffrey,Das,gdasnq@illinois.edu,Male,5.218.249.182
856,Shannon,Da Costa,sdacostanr@de.vu,Female,84.177.189.119
857,Stanislaw,Hartgill,shartgillns@cnbc.com,Male,177.136.139.160
858,Taddeo,Crump,tcrumpnt@acquirethisname.com,Male,98.142.3.229
859,Stephana,Fellows,sfellowsnu@pen.io,Female,8.33.249.201
860,Paulette,Dechelette,pdechelettenv@chronoengine.com,Female,71.175.247.22
861,Esther,Lindmark,elindmarknw@exblog.jp,Female,1.72.116.6
862,Cindee,Rowlstone,crowlstonenx@slate.com,Female,9.62.140.245
863,Padraic,Cousen,pcousenny@pcworld.com,Male,192.235.204.254
864,Fanya,Cassels,fcasselsnz@salon.com,Female,22.85.73.58
865,Rickey,Frew,rfrewo0@wordpress.org,Male,223.166.233.218
866,Alonso,Gehringer,agehringero1@oaic.gov.au,Male,93.65.167.46
867,Fairfax,Danielsen,fdanielseno2@bing.com,Male,35.53.131.30
868,Horacio,Barkes,hbarkeso3@marriott.com,Male,125.206.11.203
869,Jerri,Kleyn,jkleyno4@cmu.edu,Male,175.4.242.72
870,Barty,Carden,bcardeno5@nydailynews.com,Male,209.173.57.222
871,Dell,Stych,dstycho6@wikipedia.org,Male,237.73.223.163
872,Terrill,Bohler,tbohlero7@comsenz.com,Male,33.41.55.249
873,Devin,Pigdon,dpigdono8@woothemes.com,Male,233.15.85.156
874,Emlynn,Saffer,esaffero9@deliciousdays.com,Female,19.117.76.23
875,Findley,Geldeard,fgeldeardoa@go.com,Male,126.54.49.144
876,Vincenz,Dybell,vdybellob@homestead.com,Male,189.192.125.98
877,Clevey,Watson,cwatsonoc@latimes.com,Male,250.51.118.152
878,Kenon,Lucius,kluciusod@cargocollective.com,Male,13.119.47.103
879,Osmond,Whickman,owhickmanoe@youtu.be,Male,27.105.123.180
880,Denny,Jerrand,djerrandof@yandex.ru,Female,219.196.102.214
881,Vincent,Wrangle,vwrangleog@meetup.com,Male,5.111.75.194
882,Marita,McCart,mmccartoh@wordpress.com,Female,13.16.80.107
883,Hildagarde,Montgomery,hmontgomeryoi@reverbnation.com,Female,156.46.58.157
884,Staffard,Aitcheson,saitchesonoj@ed.gov,Male,130.76.79.87
885,Teresa,Glencrash,tglencrashok@fc2.com,Female,152.234.121.81
886,Baily,Esposi,besposiol@tinypic.com,Male,64.95.254.21
887,Brigham,Wrennall,bwrennallom@goo.gl,Male,116.0.125.138
888,Teddie,Tight,ttighton@intel.com,Male,111.70.147.74
889,Cort,Wheildon,cwheildonoo@booking.com,Male,123.92.101.162
890,Violet,Lightollers,vlightollersop@google.es,Female,75.190.95.118
891,Symon,Corde,scordeoq@nbcnews.com,Male,163.239.161.202
892,Caspar,Bowater,cbowateror@time.com,Male,127.43.178.73
893,Crin,Arnely,carnelyos@senate.gov,Female,34.75.73.241
894,Charlot,MacKeller,cmackellerot@moonfruit.com,Female,24.219.0.0
895,Lara,Franz-Schoninger,lfranzschoningerou@msu.edu,Female,119.183.139.151
896,Gail,Ould,gouldov@taobao.com,Female,85.116.102.88
897,Ursola,Dottrell,udottrellow@ftc.gov,Female,234.120.136.135
898,Mac,Velte,mvelteox@prlog.org,Male,25.247.138.253
899,Rosella,Fries,rfriesoy@blinklist.com,Female,246.186.189.78
900,Willetta,Stirtle,wstirtleoz@businessinsider.com,Female,152.53.221.85
901,Kaitlyn,Prescote,kprescotep0@dot.gov,Female,64.134.110.134
902,Jerad,Hoggin,jhogginp1@mayoclinic.com,Male,183.227.103.37
903,Burlie,Tribble,btribblep2@home.pl,Male,72.243.20.88
904,Thomasina,Covotti,tcovottip3@webnode.com,Female,101.107.71.155
905,Kalila,Shilston,kshilstonp4@163.com,Female,177.30.224.59
906,Doroteya,Ramage,dramagep5@hud.gov,Female,7.24.9.216
907,Ilka,Michelin,imichelinp6@zimbio.com,Female,172.70.32.134
908,Kristo,Minton,kmintonp7@issuu.com,Male,33.93.177.94
909,Grenville,Stockdale,gstockdalep8@discovery.com,Male,94.224.9.241
910,Pascal,Chumley,pchumleyp9@guardian.co.uk,Male,139.231.118.13
911,Opal,de Quincey,odequinceypa@ifeng.com,Female,242.255.208.8
912,Corissa,Lujan,clujanpb@wisc.edu,Female,167.161.80.45
913,Kathlin,Bushen,kbushenpc@topsy.com,Female,171.238.50.239
914,Haily,Paike,hpaikepd@prlog.org,Female,148.204.93.135
915,Truda,Mapham,tmaphampe@prlog.org,Female,61.60.147.80
916,Urbain,Terrett,uterrettpf@phoca.cz,Male,249.15.137.99
917,Lorianne,Fey,lfeypg@apache.org,Female,69.79.28.246
918,Monte,Rahill,mrahillph@theatlantic.com,Male,55.230.52.76
919,Humfrid,Cardoe,hcardoepi@ibm.com,Male,205.215.252.196
920,Vivie,Ricardet,vricardetpj@upenn.edu,Female,156.151.160.32
921,Morey,Tuohy,mtuohypk@istockphoto.com,Male,137.17.27.19
922,Melissa,Jenoure,mjenourepl@techcrunch.com,Female,121.164.29.210
923,Wyn,Linzee,wlinzeepm@bbc.co.uk,Male,150.203.157.252
924,Athene,Hardaker,ahardakerpn@yandex.ru,Female,31.159.67.155
925,Annis,O' Faherty,aofahertypo@livejournal.com,Female,130.118.4.201
926,Willamina,Morey,wmoreypp@mapquest.com,Female,185.214.41.44
927,Aubrey,Burhouse,aburhousepq@usatoday.com,Female,119.199.165.182
928,Aloin,Roscher,aroscherpr@marketwatch.com,Male,93.118.134.134
929,Scotti,Dunning,sdunningps@imdb.com,Male,23.194.137.122
930,Brandea,Steels,bsteelspt@disqus.com,Female,192.180.215.115
931,Sandor,Woodcroft,swoodcroftpu@behance.net,Male,9.238.64.44
932,Lani,Olorenshaw,lolorenshawpv@cyberchimps.com,Female,148.127.159.61
933,De witt,Orris,dorrispw@moonfruit.com,Male,208.136.249.20
934,Lilla,Reeveley,lreeveleypx@moonfruit.com,Female,225.184.253.223
935,Dennie,Ionesco,dionescopy@stanford.edu,Male,87.116.138.25
936,Carlene,Mousdall,cmousdallpz@china.com.cn,Female,182.210.139.42
937,Jayson,Rubberts,jrubbertsq0@usgs.gov,Male,243.158.59.252
938,Duke,Bragginton,dbraggintonq1@cnbc.com,Male,66.32.124.160
939,Huey,Gwynne,hgwynneq2@sakura.ne.jp,Male,0.58.182.201
940,Peggie,Struthers,pstruthersq3@google.fr,Female,37.96.25.186
941,Cletis,Janczyk,cjanczykq4@java.com,Male,186.142.125.27
942,Cad,Everall,ceverallq5@redcross.org,Male,35.174.36.212
943,Maddy,Follen,mfollenq6@nbcnews.com,Female,47.121.65.95
944,Shermy,Stratiff,sstratiffq7@de.vu,Male,205.203.117.219
945,Stella,MacShane,smacshaneq8@google.fr,Female,87.68.179.235
946,Marice,Bellow,mbellowq9@booking.com,Female,112.177.187.88
947,Lydia,Duddin,lduddinqa@ed.gov,Female,163.244.202.165
948,Niccolo,Willmont,nwillmontqb@kickstarter.com,Male,222.19.140.54
949,Fanni,Coleshill,fcoleshillqc@mediafire.com,Female,251.205.105.140
950,Aggi,Baselli,abaselliqd@wufoo.com,Female,69.67.80.90
951,Clevey,Tweddell,ctweddellqe@adobe.com,Male,94.100.153.252
952,Ilene,Vasiljevic,ivasiljevicqf@jugem.jp,Female,228.123.192.52
953,Dee dee,Hain,dhainqg@bizjournals.com,Female,249.222.178.223
954,Nadiya,Milne,nmilneqh@cafepress.com,Female,107.127.231.114
955,Patrice,Burree,pburreeqi@soup.io,Male,246.28.31.188
956,Gisella,Pippard,gpippardqj@tumblr.com,Female,158.151.254.158
957,Bertina,Boulton,bboultonqk@w3.org,Female,89.190.25.5
958,Erroll,Kuhnwald,ekuhnwaldql@businessinsider.com,Male,11.216.105.211
959,Tally,Willford,twillfordqm@discuz.net,Female,177.188.111.210
960,Gualterio,Garfath,ggarfathqn@hc360.com,Male,111.82.149.240
961,Nadya,Varlow,nvarlowqo@google.fr,Female,236.129.34.167
962,Clayton,Battey,cbatteyqp@umich.edu,Male,123.163.200.56
963,Mason,Jinkin,mjinkinqq@shareasale.com,Male,11.119.200.136
964,Marge,McGrale,mmcgraleqr@free.fr,Female,41.129.85.170
965,Sarajane,Marushak,smarushakqs@ucla.edu,Female,228.57.29.97
966,Barbara-anne,Du Plantier,bduplantierqt@bizjournals.com,Female,114.124.91.136
967,Desdemona,Timmermann,dtimmermannqu@craigslist.org,Female,132.120.221.224
968,Joanna,Moorerud,jmoorerudqv@opensource.org,Female,128.129.11.188
969,Tremain,Capewell,tcapewellqw@psu.edu,Male,140.4.54.228
970,Jesselyn,Rubenovic,jrubenovicqx@harvard.edu,Female,149.2.187.217
971,Tabbatha,Dorman,tdormanqy@thetimes.co.uk,Female,14.113.107.244
972,Had,Shorrock,hshorrockqz@blogtalkradio.com,Male,195.251.119.107
973,Mata,Yallowley,myallowleyr0@usda.gov,Male,251.176.5.182
974,Ellene,Dealy,edealyr1@ucoz.ru,Female,81.160.52.137
975,Caye,Goldthorpe,cgoldthorper2@businessinsider.com,Female,172.199.56.192
976,Dore,Polglaze,dpolglazer3@elegantthemes.com,Female,219.131.13.67
977,Brianne,Beardshaw,bbeardshawr4@blinklist.com,Female,255.109.78.2
978,Andros,Whotton,awhottonr5@hibu.com,Male,17.60.188.228
979,Lauritz,Smye,lsmyer6@google.com.br,Male,128.144.239.203
980,Chick,Philbrook,cphilbrookr7@ted.com,Male,179.94.136.47
981,Lucias,Beachem,lbeachemr8@google.com.br,Male,140.151.255.178
982,Anthony,Hasson,ahassonr9@toplist.cz,Male,172.3.163.182
983,Kristian,Dillestone,kdillestonera@posterous.com,Male,63.244.7.179
984,Quinlan,Binton,qbintonrb@webnode.com,Male,4.134.136.138
985,Oran,Rabson,orabsonrc@canalblog.com,Male,212.211.112.192
986,Kaitlin,Parker,kparkerrd@ifeng.com,Female,49.33.2.126
987,Chickie,Ripper,cripperre@cnet.com,Female,165.37.74.216
988,Tedda,Worlidge,tworlidgerf@booking.com,Female,209.19.111.235
989,Cicely,Crippen,ccrippenrg@baidu.com,Female,196.67.115.242
990,Inga,Plitz,iplitzrh@sitemeter.com,Female,145.198.12.200
991,Therine,Fransoni,tfransoniri@smh.com.au,Female,173.28.94.33
992,Kristan,Voaden,kvoadenrj@friendfeed.com,Female,27.198.238.164
993,Reynold,Bruni,rbrunirk@marriott.com,Male,214.126.254.173
994,Torrey,Monard,tmonardrl@usda.gov,Male,244.116.75.61
995,Nettie,Hallwell,nhallwellrm@globo.com,Female,205.0.215.244
996,Jaine,Pollins,jpollinsrn@netscape.com,Female,223.137.76.246
997,Rosabelle,Spearett,rspearettro@sourceforge.net,Female,43.74.113.175
998,Orin,Corre,ocorrerp@fotki.com,Male,10.212.7.38
999,Elston,Carnegie,ecarnegierq@mediafire.com,Male,6.188.60.69
1000,Karol,Shillabeer,kshillabeerrr@yolasite.com,Female,208.69.218.197
